image_filename,cluster_index,grid_path,grid_rows,grid_cols,box_x1,box_y1,box_y2,box_x2,center_x,center_y
dot_font_random_1.png,0,grid_7x5_cluster0_dot_font_random_1.png,7,5,40,40,280,200,120.0,160.0
dot_font_random_1.png,1,grid_7x5_cluster1_dot_font_random_1.png,7,5,280,40,280,440,360.0,160.0
dot_font_random_1.png,2,grid_7x5_cluster2_dot_font_random_1.png,7,5,560,40,280,640,600.0,160.0
dot_font_random_1.png,3,grid_7x5_cluster3_dot_font_random_1.png,7,5,760,40,280,920,840.0,160.0
dot_font_random_1.png,4,grid_7x5_cluster4_dot_font_random_1.png,7,5,1000,40,280,1160,1080.0,160.0
dot_font_random_1.png,5,grid_7x5_cluster5_dot_font_random_1.png,7,5,1240,40,280,1400,1320.0,160.0
dot_font_random_10.png,0,grid_7x5_cluster0_dot_font_random_10.png,7,5,40,40,280,200,120.0,160.0
dot_font_random_10.png,1,grid_7x5_cluster1_dot_font_random_10.png,7,5,280,40,280,440,360.0,160.0
dot_font_random_10.png,2,grid_7x5_cluster2_dot_font_random_10.png,7,5,520,40,280,680,600.0,160.0
dot_font_random_10.png,3,grid_7x5_cluster3_dot_font_random_10.png,7,5,760,40,280,920,840.0,160.0
dot_font_random_10.png,4,grid_7x5_cluster4_dot_font_random_10.png,7,5,1000,40,280,1160,1080.0,160.0
dot_font_random_10.png,5,grid_7x5_cluster5_dot_font_random_10.png,7,5,1240,40,280,1400,1320.0,160.0
dot_font_random_100.png,0,grid_7x5_cluster0_dot_font_random_100.png,7,5,40,40,280,200,120.0,160.0
dot_font_random_100.png,1,grid_7x5_cluster1_dot_font_random_100.png,7,5,280,40,280,440,360.0,160.0
dot_font_random_100.png,2,grid_7x5_cluster2_dot_font_random_100.png,7,5,520,40,280,680,600.0,160.0
dot_font_random_100.png,3,grid_7x5_cluster3_dot_font_random_100.png,7,5,800,40,280,880,840.0,160.0
dot_font_random_100.png,4,grid_7x5_cluster4_dot_font_random_100.png,7,5,1000,40,280,1160,1080.0,160.0
dot_font_random_100.png,5,grid_7x5_cluster5_dot_font_random_100.png,7,5,1240,40,280,1400,1320.0,160.0
dot_font_random_11.png,0,grid_7x5_cluster0_dot_font_random_11.png,7,5,40,40,280,200,120.0,160.0
dot_font_random_11.png,1,grid_7x5_cluster1_dot_font_random_11.png,7,5,280,40,280,440,360.0,160.0
dot_font_random_11.png,2,grid_7x5_cluster2_dot_font_random_11.png,7,5,520,40,280,680,600.0,160.0
dot_font_random_11.png,3,grid_7x5_cluster3_dot_font_random_11.png,7,5,760,40,280,920,840.0,160.0
dot_font_random_11.png,4,grid_7x5_cluster4_dot_font_random_11.png,7,5,1000,40,280,1160,1080.0,160.0
dot_font_random_11.png,5,grid_7x5_cluster5_dot_font_random_11.png,7,5,1240,40,280,1400,1320.0,160.0
dot_font_random_12.png,0,grid_7x5_cluster0_dot_font_random_12.png,7,5,40,40,280,200,120.0,160.0
dot_font_random_12.png,1,grid_7x5_cluster1_dot_font_random_12.png,7,5,280,40,280,440,360.0,160.0
dot_font_random_12.png,2,grid_7x5_cluster2_dot_font_random_12.png,7,5,560,40,280,640,600.0,160.0
dot_font_random_12.png,3,grid_7x5_cluster3_dot_font_random_12.png,7,5,800,40,280,880,840.0,160.0
dot_font_random_12.png,4,grid_7x5_cluster4_dot_font_random_12.png,7,5,1000,40,280,1160,1080.0,160.0
dot_font_random_12.png,5,grid_7x5_cluster5_dot_font_random_12.png,7,5,1240,40,280,1400,1320.0,160.0
dot_font_random_13.png,0,grid_7x5_cluster0_dot_font_random_13.png,7,5,40,40,280,200,120.0,160.0
dot_font_random_13.png,1,grid_7x5_cluster1_dot_font_random_13.png,7,5,320,40,280,400,360.0,160.0
dot_font_random_13.png,2,grid_7x5_cluster2_dot_font_random_13.png,7,5,520,40,280,680,600.0,160.0
dot_font_random_13.png,3,grid_7x5_cluster3_dot_font_random_13.png,7,5,760,40,280,920,840.0,160.0
dot_font_random_13.png,4,grid_7x5_cluster4_dot_font_random_13.png,7,5,1000,40,280,1160,1080.0,160.0
dot_font_random_13.png,5,grid_7x5_cluster5_dot_font_random_13.png,7,5,1240,40,280,1400,1320.0,160.0
dot_font_random_14.png,0,grid_7x5_cluster0_dot_font_random_14.png,7,5,80,40,280,160,120.0,160.0
dot_font_random_14.png,1,grid_7x5_cluster1_dot_font_random_14.png,7,5,280,40,280,440,360.0,160.0
dot_font_random_14.png,2,grid_7x5_cluster2_dot_font_random_14.png,7,5,520,40,280,680,600.0,160.0
dot_font_random_14.png,3,grid_7x5_cluster3_dot_font_random_14.png,7,5,800,40,280,880,840.0,160.0
dot_font_random_14.png,4,grid_7x5_cluster4_dot_font_random_14.png,7,5,1000,40,280,1160,1080.0,160.0
dot_font_random_14.png,5,grid_7x5_cluster5_dot_font_random_14.png,7,5,1240,40,280,1400,1320.0,160.0
dot_font_random_15.png,0,grid_7x5_cluster0_dot_font_random_15.png,7,5,40,40,280,200,120.0,160.0
dot_font_random_15.png,1,grid_7x5_cluster1_dot_font_random_15.png,7,5,280,40,280,440,360.0,160.0
dot_font_random_15.png,2,grid_7x5_cluster2_dot_font_random_15.png,7,5,520,40,280,680,600.0,160.0
dot_font_random_15.png,3,grid_7x5_cluster3_dot_font_random_15.png,7,5,760,40,280,920,840.0,160.0
dot_font_random_15.png,4,grid_7x5_cluster4_dot_font_random_15.png,7,5,1000,40,280,1160,1080.0,160.0
dot_font_random_15.png,5,grid_7x5_cluster5_dot_font_random_15.png,7,5,1240,40,280,1400,1320.0,160.0
dot_font_random_16.png,0,grid_7x5_cluster0_dot_font_random_16.png,7,5,40,40,280,200,120.0,160.0
dot_font_random_16.png,1,grid_7x5_cluster1_dot_font_random_16.png,7,5,280,40,280,440,360.0,160.0
dot_font_random_16.png,2,grid_7x5_cluster2_dot_font_random_16.png,7,5,520,40,280,680,600.0,160.0
dot_font_random_16.png,3,grid_7x5_cluster3_dot_font_random_16.png,7,5,760,40,280,920,840.0,160.0
dot_font_random_16.png,4,grid_7x5_cluster4_dot_font_random_16.png,7,5,1000,40,280,1160,1080.0,160.0
dot_font_random_16.png,5,grid_7x5_cluster5_dot_font_random_16.png,7,5,1240,40,280,1400,1320.0,160.0
dot_font_random_17.png,0,grid_7x5_cluster0_dot_font_random_17.png,7,5,40,40,280,200,120.0,160.0
dot_font_random_17.png,1,grid_7x5_cluster1_dot_font_random_17.png,7,5,280,40,280,440,360.0,160.0
dot_font_random_17.png,2,grid_7x5_cluster2_dot_font_random_17.png,7,5,520,40,280,680,600.0,160.0
dot_font_random_17.png,3,grid_7x5_cluster3_dot_font_random_17.png,7,5,760,40,280,920,840.0,160.0
dot_font_random_17.png,4,grid_7x5_cluster4_dot_font_random_17.png,7,5,1000,40,280,1160,1080.0,160.0
dot_font_random_17.png,5,grid_7x5_cluster5_dot_font_random_17.png,7,5,1240,40,280,1400,1320.0,160.0
dot_font_random_18.png,0,grid_7x5_cluster0_dot_font_random_18.png,7,5,40,40,280,200,120.0,160.0
dot_font_random_18.png,1,grid_7x5_cluster1_dot_font_random_18.png,7,5,280,40,280,440,360.0,160.0
dot_font_random_18.png,2,grid_7x5_cluster2_dot_font_random_18.png,7,5,560,40,280,640,600.0,160.0
dot_font_random_18.png,3,grid_7x5_cluster3_dot_font_random_18.png,7,5,760,40,280,920,840.0,160.0
dot_font_random_18.png,4,grid_7x5_cluster4_dot_font_random_18.png,7,5,1000,40,280,1160,1080.0,160.0
dot_font_random_18.png,5,grid_7x5_cluster5_dot_font_random_18.png,7,5,1240,40,280,1400,1320.0,160.0
dot_font_random_19.png,0,grid_7x5_cluster0_dot_font_random_19.png,7,5,40,40,280,200,120.0,160.0
dot_font_random_19.png,1,grid_7x5_cluster1_dot_font_random_19.png,7,5,280,40,280,440,360.0,160.0
dot_font_random_19.png,2,grid_7x5_cluster2_dot_font_random_19.png,7,5,520,40,280,680,600.0,160.0
dot_font_random_19.png,3,grid_7x5_cluster3_dot_font_random_19.png,7,5,800,40,280,880,840.0,160.0
dot_font_random_19.png,4,grid_7x5_cluster4_dot_font_random_19.png,7,5,1000,40,280,1160,1080.0,160.0
dot_font_random_19.png,5,grid_7x5_cluster5_dot_font_random_19.png,7,5,1240,40,280,1400,1320.0,160.0
dot_font_random_2.png,0,grid_7x5_cluster0_dot_font_random_2.png,7,5,40,40,280,200,120.0,160.0
dot_font_random_2.png,1,grid_7x5_cluster1_dot_font_random_2.png,7,5,280,40,280,440,360.0,160.0
dot_font_random_2.png,2,grid_7x5_cluster2_dot_font_random_2.png,7,5,520,40,280,680,600.0,160.0
dot_font_random_2.png,3,grid_7x5_cluster3_dot_font_random_2.png,7,5,760,40,280,920,840.0,160.0
dot_font_random_2.png,4,grid_7x5_cluster4_dot_font_random_2.png,7,5,1000,40,280,1160,1080.0,160.0
dot_font_random_2.png,5,grid_7x5_cluster5_dot_font_random_2.png,7,5,1240,40,280,1400,1320.0,160.0
dot_font_random_20.png,0,grid_7x5_cluster0_dot_font_random_20.png,7,5,40,40,280,200,120.0,160.0
dot_font_random_20.png,1,grid_7x5_cluster1_dot_font_random_20.png,7,5,280,40,280,440,360.0,160.0
dot_font_random_20.png,2,grid_7x5_cluster2_dot_font_random_20.png,7,5,560,40,280,640,600.0,160.0
dot_font_random_20.png,3,grid_7x5_cluster3_dot_font_random_20.png,7,5,760,40,280,920,840.0,160.0
dot_font_random_20.png,4,grid_7x5_cluster4_dot_font_random_20.png,7,5,1000,40,280,1160,1080.0,160.0
dot_font_random_20.png,5,grid_7x5_cluster5_dot_font_random_20.png,7,5,1240,40,280,1400,1320.0,160.0
dot_font_random_21.png,0,grid_7x5_cluster0_dot_font_random_21.png,7,5,40,40,280,200,120.0,160.0
dot_font_random_21.png,1,grid_7x5_cluster1_dot_font_random_21.png,7,5,280,40,280,440,360.0,160.0
dot_font_random_21.png,2,grid_7x5_cluster2_dot_font_random_21.png,7,5,520,40,280,680,600.0,160.0
dot_font_random_21.png,3,grid_7x5_cluster3_dot_font_random_21.png,7,5,760,40,280,920,840.0,160.0
dot_font_random_21.png,4,grid_7x5_cluster4_dot_font_random_21.png,7,5,1000,40,280,1160,1080.0,160.0
dot_font_random_21.png,5,grid_7x5_cluster5_dot_font_random_21.png,7,5,1280,40,280,1360,1320.0,160.0
dot_font_random_22.png,0,grid_7x5_cluster0_dot_font_random_22.png,7,5,40,40,280,200,120.0,160.0
dot_font_random_22.png,1,grid_7x5_cluster1_dot_font_random_22.png,7,5,280,40,280,440,360.0,160.0
dot_font_random_22.png,2,grid_7x5_cluster2_dot_font_random_22.png,7,5,520,40,280,680,600.0,160.0
dot_font_random_22.png,3,grid_7x5_cluster3_dot_font_random_22.png,7,5,760,40,280,920,840.0,160.0
dot_font_random_22.png,4,grid_7x5_cluster4_dot_font_random_22.png,7,5,1040,40,280,1120,1080.0,160.0
dot_font_random_22.png,5,grid_7x5_cluster5_dot_font_random_22.png,7,5,1240,40,280,1400,1320.0,160.0
dot_font_random_23.png,0,grid_7x5_cluster0_dot_font_random_23.png,7,5,40,40,280,200,120.0,160.0
dot_font_random_23.png,1,grid_7x5_cluster1_dot_font_random_23.png,7,5,280,40,280,440,360.0,160.0
dot_font_random_23.png,2,grid_7x5_cluster2_dot_font_random_23.png,7,5,520,40,280,680,600.0,160.0
dot_font_random_23.png,3,grid_7x5_cluster3_dot_font_random_23.png,7,5,760,40,280,920,840.0,160.0
dot_font_random_23.png,4,grid_7x5_cluster4_dot_font_random_23.png,7,5,1000,40,280,1160,1080.0,160.0
dot_font_random_23.png,5,grid_7x5_cluster5_dot_font_random_23.png,7,5,1240,40,280,1400,1320.0,160.0
dot_font_random_24.png,0,grid_7x5_cluster0_dot_font_random_24.png,7,5,40,40,280,200,120.0,160.0
dot_font_random_24.png,1,grid_7x5_cluster1_dot_font_random_24.png,7,5,280,40,280,440,360.0,160.0
dot_font_random_24.png,2,grid_7x5_cluster2_dot_font_random_24.png,7,5,520,40,280,680,600.0,160.0
dot_font_random_24.png,3,grid_7x5_cluster3_dot_font_random_24.png,7,5,760,40,280,920,840.0,160.0
dot_font_random_24.png,4,grid_7x5_cluster4_dot_font_random_24.png,7,5,1040,40,280,1120,1080.0,160.0
dot_font_random_24.png,5,grid_7x5_cluster5_dot_font_random_24.png,7,5,1240,40,280,1400,1320.0,160.0
dot_font_random_25.png,0,grid_7x5_cluster0_dot_font_random_25.png,7,5,40,40,280,200,120.0,160.0
dot_font_random_25.png,1,grid_7x5_cluster1_dot_font_random_25.png,7,5,280,40,280,440,360.0,160.0
dot_font_random_25.png,2,grid_7x5_cluster2_dot_font_random_25.png,7,5,520,40,280,680,600.0,160.0
dot_font_random_25.png,3,grid_7x5_cluster3_dot_font_random_25.png,7,5,760,40,280,920,840.0,160.0
dot_font_random_25.png,4,grid_7x5_cluster4_dot_font_random_25.png,7,5,1000,40,280,1160,1080.0,160.0
dot_font_random_25.png,5,grid_7x5_cluster5_dot_font_random_25.png,7,5,1280,40,280,1360,1320.0,160.0
dot_font_random_26.png,0,grid_7x5_cluster0_dot_font_random_26.png,7,5,40,40,280,200,120.0,160.0
dot_font_random_26.png,1,grid_7x5_cluster1_dot_font_random_26.png,7,5,280,40,280,440,360.0,160.0
dot_font_random_26.png,2,grid_7x5_cluster2_dot_font_random_26.png,7,5,520,40,280,680,600.0,160.0
dot_font_random_26.png,3,grid_7x5_cluster3_dot_font_random_26.png,7,5,760,40,280,920,840.0,160.0
dot_font_random_26.png,4,grid_7x5_cluster4_dot_font_random_26.png,7,5,1000,40,280,1160,1080.0,160.0
dot_font_random_26.png,5,grid_7x5_cluster5_dot_font_random_26.png,7,5,1240,40,280,1400,1320.0,160.0
dot_font_random_27.png,0,grid_7x5_cluster0_dot_font_random_27.png,7,5,40,40,280,200,120.0,160.0
dot_font_random_27.png,1,grid_7x5_cluster1_dot_font_random_27.png,7,5,280,40,280,440,360.0,160.0
dot_font_random_27.png,2,grid_7x5_cluster2_dot_font_random_27.png,7,5,520,40,280,680,600.0,160.0
dot_font_random_27.png,3,grid_7x5_cluster3_dot_font_random_27.png,7,5,760,40,280,920,840.0,160.0
dot_font_random_27.png,4,grid_7x5_cluster4_dot_font_random_27.png,7,5,1000,40,280,1160,1080.0,160.0
dot_font_random_27.png,5,grid_7x5_cluster5_dot_font_random_27.png,7,5,1240,40,280,1400,1320.0,160.0
dot_font_random_28.png,0,grid_7x5_cluster0_dot_font_random_28.png,7,5,40,40,280,200,120.0,160.0
dot_font_random_28.png,1,grid_7x5_cluster1_dot_font_random_28.png,7,5,280,40,280,440,360.0,160.0
dot_font_random_28.png,2,grid_7x5_cluster2_dot_font_random_28.png,7,5,520,40,280,680,600.0,160.0
dot_font_random_28.png,3,grid_7x5_cluster3_dot_font_random_28.png,7,5,760,40,280,920,840.0,160.0
dot_font_random_28.png,4,grid_7x5_cluster4_dot_font_random_28.png,7,5,1000,40,280,1160,1080.0,160.0
dot_font_random_28.png,5,grid_7x5_cluster5_dot_font_random_28.png,7,5,1240,40,280,1400,1320.0,160.0
dot_font_random_29.png,0,grid_7x5_cluster0_dot_font_random_29.png,7,5,40,40,280,200,120.0,160.0
dot_font_random_29.png,1,grid_7x5_cluster1_dot_font_random_29.png,7,5,280,40,280,440,360.0,160.0
dot_font_random_29.png,2,grid_7x5_cluster2_dot_font_random_29.png,7,5,520,40,280,680,600.0,160.0
dot_font_random_29.png,3,grid_7x5_cluster3_dot_font_random_29.png,7,5,760,40,280,920,840.0,160.0
dot_font_random_29.png,4,grid_7x5_cluster4_dot_font_random_29.png,7,5,1000,40,280,1160,1080.0,160.0
dot_font_random_29.png,5,grid_7x5_cluster5_dot_font_random_29.png,7,5,1240,40,280,1400,1320.0,160.0
dot_font_random_3.png,0,grid_7x5_cluster0_dot_font_random_3.png,7,5,40,40,280,200,120.0,160.0
dot_font_random_3.png,1,grid_7x5_cluster1_dot_font_random_3.png,7,5,280,40,280,440,360.0,160.0
dot_font_random_3.png,2,grid_7x5_cluster2_dot_font_random_3.png,7,5,520,40,280,680,600.0,160.0
dot_font_random_3.png,3,grid_7x5_cluster3_dot_font_random_3.png,7,5,760,40,280,920,840.0,160.0
dot_font_random_3.png,4,grid_7x5_cluster4_dot_font_random_3.png,7,5,1000,40,280,1160,1080.0,160.0
dot_font_random_3.png,5,grid_7x5_cluster5_dot_font_random_3.png,7,5,1240,40,280,1400,1320.0,160.0
dot_font_random_30.png,0,grid_7x5_cluster0_dot_font_random_30.png,7,5,40,40,280,200,120.0,160.0
dot_font_random_30.png,1,grid_7x5_cluster1_dot_font_random_30.png,7,5,280,40,280,440,360.0,160.0
dot_font_random_30.png,2,grid_7x5_cluster2_dot_font_random_30.png,7,5,520,40,280,680,600.0,160.0
dot_font_random_30.png,3,grid_7x5_cluster3_dot_font_random_30.png,7,5,760,40,280,920,840.0,160.0
dot_font_random_30.png,4,grid_7x5_cluster4_dot_font_random_30.png,7,5,1000,40,280,1160,1080.0,160.0
dot_font_random_30.png,5,grid_7x5_cluster5_dot_font_random_30.png,7,5,1240,40,280,1400,1320.0,160.0
dot_font_random_31.png,0,grid_7x5_cluster0_dot_font_random_31.png,7,5,40,40,280,200,120.0,160.0
dot_font_random_31.png,1,grid_7x5_cluster1_dot_font_random_31.png,7,5,280,40,280,440,360.0,160.0
dot_font_random_31.png,2,grid_7x5_cluster2_dot_font_random_31.png,7,5,520,40,280,680,600.0,160.0
dot_font_random_31.png,3,grid_7x5_cluster3_dot_font_random_31.png,7,5,760,40,280,920,840.0,160.0
dot_font_random_31.png,4,grid_7x5_cluster4_dot_font_random_31.png,7,5,1000,40,280,1160,1080.0,160.0
dot_font_random_31.png,5,grid_7x5_cluster5_dot_font_random_31.png,7,5,1240,40,280,1400,1320.0,160.0
dot_font_random_32.png,0,grid_7x5_cluster0_dot_font_random_32.png,7,5,40,40,280,200,120.0,160.0
dot_font_random_32.png,1,grid_7x5_cluster1_dot_font_random_32.png,7,5,280,40,280,440,360.0,160.0
dot_font_random_32.png,2,grid_7x5_cluster2_dot_font_random_32.png,7,5,520,40,280,680,600.0,160.0
dot_font_random_32.png,3,grid_7x5_cluster3_dot_font_random_32.png,7,5,760,40,280,920,840.0,160.0
dot_font_random_32.png,4,grid_7x5_cluster4_dot_font_random_32.png,7,5,1000,40,280,1160,1080.0,160.0
dot_font_random_32.png,5,grid_7x5_cluster5_dot_font_random_32.png,7,5,1280,40,280,1360,1320.0,160.0
dot_font_random_33.png,0,grid_7x5_cluster0_dot_font_random_33.png,7,5,40,40,280,200,120.0,160.0
dot_font_random_33.png,1,grid_7x5_cluster1_dot_font_random_33.png,7,5,280,40,280,440,360.0,160.0
dot_font_random_33.png,2,grid_7x5_cluster2_dot_font_random_33.png,7,5,520,40,280,680,600.0,160.0
dot_font_random_33.png,3,grid_7x5_cluster3_dot_font_random_33.png,7,5,760,40,280,920,840.0,160.0
dot_font_random_33.png,4,grid_7x5_cluster4_dot_font_random_33.png,7,5,1000,40,280,1160,1080.0,160.0
dot_font_random_33.png,5,grid_7x5_cluster5_dot_font_random_33.png,7,5,1240,40,280,1400,1320.0,160.0
dot_font_random_34.png,0,grid_7x5_cluster0_dot_font_random_34.png,7,5,40,40,280,200,120.0,160.0
dot_font_random_34.png,1,grid_7x5_cluster1_dot_font_random_34.png,7,5,280,40,280,440,360.0,160.0
dot_font_random_34.png,2,grid_7x5_cluster2_dot_font_random_34.png,7,5,520,40,280,680,600.0,160.0
dot_font_random_34.png,3,grid_7x5_cluster3_dot_font_random_34.png,7,5,760,40,280,920,840.0,160.0
dot_font_random_34.png,4,grid_7x5_cluster4_dot_font_random_34.png,7,5,1000,40,280,1160,1080.0,160.0
dot_font_random_34.png,5,grid_7x5_cluster5_dot_font_random_34.png,7,5,1240,40,280,1400,1320.0,160.0
dot_font_random_35.png,0,grid_7x5_cluster0_dot_font_random_35.png,7,5,40,40,280,200,120.0,160.0
dot_font_random_35.png,1,grid_7x5_cluster1_dot_font_random_35.png,7,5,280,40,280,440,360.0,160.0
dot_font_random_35.png,2,grid_7x5_cluster2_dot_font_random_35.png,7,5,520,40,280,680,600.0,160.0
dot_font_random_35.png,3,grid_7x5_cluster3_dot_font_random_35.png,7,5,760,40,280,920,840.0,160.0
dot_font_random_35.png,4,grid_7x5_cluster4_dot_font_random_35.png,7,5,1000,40,280,1160,1080.0,160.0
dot_font_random_35.png,5,grid_7x5_cluster5_dot_font_random_35.png,7,5,1240,40,280,1400,1320.0,160.0
dot_font_random_36.png,0,grid_7x5_cluster0_dot_font_random_36.png,7,5,80,40,280,160,120.0,160.0
dot_font_random_36.png,1,grid_7x5_cluster1_dot_font_random_36.png,7,5,280,40,280,440,360.0,160.0
dot_font_random_36.png,2,grid_7x5_cluster2_dot_font_random_36.png,7,5,520,40,280,680,600.0,160.0
dot_font_random_36.png,3,grid_7x5_cluster3_dot_font_random_36.png,7,5,760,40,280,920,840.0,160.0
dot_font_random_36.png,4,grid_7x5_cluster4_dot_font_random_36.png,7,5,1000,40,280,1160,1080.0,160.0
dot_font_random_36.png,5,grid_7x5_cluster5_dot_font_random_36.png,7,5,1240,40,280,1400,1320.0,160.0
dot_font_random_37.png,0,grid_7x5_cluster0_dot_font_random_37.png,7,5,40,40,280,200,120.0,160.0
dot_font_random_37.png,1,grid_7x5_cluster1_dot_font_random_37.png,7,5,280,40,280,440,360.0,160.0
dot_font_random_37.png,2,grid_7x5_cluster2_dot_font_random_37.png,7,5,520,40,280,680,600.0,160.0
dot_font_random_37.png,3,grid_7x5_cluster3_dot_font_random_37.png,7,5,800,40,280,880,840.0,160.0
dot_font_random_37.png,4,grid_7x5_cluster4_dot_font_random_37.png,7,5,1000,40,280,1160,1080.0,160.0
dot_font_random_37.png,5,grid_7x5_cluster5_dot_font_random_37.png,7,5,1240,40,280,1400,1320.0,160.0
dot_font_random_38.png,0,grid_7x5_cluster0_dot_font_random_38.png,7,5,40,40,280,200,120.0,160.0
dot_font_random_38.png,1,grid_7x5_cluster1_dot_font_random_38.png,7,5,280,40,280,440,360.0,160.0
dot_font_random_38.png,2,grid_7x5_cluster2_dot_font_random_38.png,7,5,520,40,280,680,600.0,160.0
dot_font_random_38.png,3,grid_7x5_cluster3_dot_font_random_38.png,7,5,760,40,280,920,840.0,160.0
dot_font_random_38.png,4,grid_7x5_cluster4_dot_font_random_38.png,7,5,1000,40,280,1160,1080.0,160.0
dot_font_random_38.png,5,grid_7x5_cluster5_dot_font_random_38.png,7,5,1240,40,280,1400,1320.0,160.0
dot_font_random_39.png,0,grid_7x5_cluster0_dot_font_random_39.png,7,5,40,40,280,200,120.0,160.0
dot_font_random_39.png,1,grid_7x5_cluster1_dot_font_random_39.png,7,5,280,40,280,440,360.0,160.0
dot_font_random_39.png,2,grid_7x5_cluster2_dot_font_random_39.png,7,5,520,40,280,680,600.0,160.0
dot_font_random_39.png,3,grid_7x5_cluster3_dot_font_random_39.png,7,5,760,40,280,920,840.0,160.0
dot_font_random_39.png,4,grid_7x5_cluster4_dot_font_random_39.png,7,5,1000,40,280,1160,1080.0,160.0
dot_font_random_39.png,5,grid_7x5_cluster5_dot_font_random_39.png,7,5,1240,40,280,1400,1320.0,160.0
dot_font_random_4.png,0,grid_7x5_cluster0_dot_font_random_4.png,7,5,40,40,280,200,120.0,160.0
dot_font_random_4.png,1,grid_7x5_cluster1_dot_font_random_4.png,7,5,280,40,280,440,360.0,160.0
dot_font_random_4.png,2,grid_7x5_cluster2_dot_font_random_4.png,7,5,520,40,280,680,600.0,160.0
dot_font_random_4.png,3,grid_7x5_cluster3_dot_font_random_4.png,7,5,760,40,280,920,840.0,160.0
dot_font_random_4.png,4,grid_7x5_cluster4_dot_font_random_4.png,7,5,1000,40,280,1160,1080.0,160.0
dot_font_random_4.png,5,grid_7x5_cluster5_dot_font_random_4.png,7,5,1240,40,280,1400,1320.0,160.0
dot_font_random_40.png,0,grid_7x5_cluster0_dot_font_random_40.png,7,5,40,40,280,200,120.0,160.0
dot_font_random_40.png,1,grid_7x5_cluster1_dot_font_random_40.png,7,5,280,40,280,440,360.0,160.0
dot_font_random_40.png,2,grid_7x5_cluster2_dot_font_random_40.png,7,5,520,40,280,680,600.0,160.0
dot_font_random_40.png,3,grid_7x5_cluster3_dot_font_random_40.png,7,5,760,40,280,920,840.0,160.0
dot_font_random_40.png,4,grid_7x5_cluster4_dot_font_random_40.png,7,5,1000,40,280,1160,1080.0,160.0
dot_font_random_40.png,5,grid_7x5_cluster5_dot_font_random_40.png,7,5,1240,40,280,1400,1320.0,160.0
dot_font_random_41.png,0,grid_7x5_cluster0_dot_font_random_41.png,7,5,40,40,280,200,120.0,160.0
dot_font_random_41.png,1,grid_7x5_cluster1_dot_font_random_41.png,7,5,280,40,280,440,360.0,160.0
dot_font_random_41.png,2,grid_7x5_cluster2_dot_font_random_41.png,7,5,520,40,280,680,600.0,160.0
dot_font_random_41.png,3,grid_7x5_cluster3_dot_font_random_41.png,7,5,760,40,280,920,840.0,160.0
dot_font_random_41.png,4,grid_7x5_cluster4_dot_font_random_41.png,7,5,1000,40,280,1160,1080.0,160.0
dot_font_random_41.png,5,grid_7x5_cluster5_dot_font_random_41.png,7,5,1240,40,280,1400,1320.0,160.0
dot_font_random_42.png,0,grid_7x5_cluster0_dot_font_random_42.png,7,5,40,40,280,200,120.0,160.0
dot_font_random_42.png,1,grid_7x5_cluster1_dot_font_random_42.png,7,5,280,40,280,440,360.0,160.0
dot_font_random_42.png,2,grid_7x5_cluster2_dot_font_random_42.png,7,5,520,40,280,680,600.0,160.0
dot_font_random_42.png,3,grid_7x5_cluster3_dot_font_random_42.png,7,5,800,40,280,880,840.0,160.0
dot_font_random_42.png,4,grid_7x5_cluster4_dot_font_random_42.png,7,5,1040,40,280,1120,1080.0,160.0
dot_font_random_42.png,5,grid_7x5_cluster5_dot_font_random_42.png,7,5,1240,40,280,1400,1320.0,160.0
dot_font_random_43.png,0,grid_7x5_cluster0_dot_font_random_43.png,7,5,40,40,280,200,120.0,160.0
dot_font_random_43.png,1,grid_7x5_cluster1_dot_font_random_43.png,7,5,280,40,280,440,360.0,160.0
dot_font_random_43.png,2,grid_7x5_cluster2_dot_font_random_43.png,7,5,520,40,280,680,600.0,160.0
dot_font_random_43.png,3,grid_7x5_cluster3_dot_font_random_43.png,7,5,760,40,280,920,840.0,160.0
dot_font_random_43.png,4,grid_7x5_cluster4_dot_font_random_43.png,7,5,1000,40,280,1160,1080.0,160.0
dot_font_random_43.png,5,grid_7x5_cluster5_dot_font_random_43.png,7,5,1240,40,280,1400,1320.0,160.0
dot_font_random_44.png,0,grid_7x5_cluster0_dot_font_random_44.png,7,5,80,40,280,160,120.0,160.0
dot_font_random_44.png,1,grid_7x5_cluster1_dot_font_random_44.png,7,5,280,40,280,440,360.0,160.0
dot_font_random_44.png,2,grid_7x5_cluster2_dot_font_random_44.png,7,5,520,40,280,680,600.0,160.0
dot_font_random_44.png,3,grid_7x5_cluster3_dot_font_random_44.png,7,5,760,40,280,920,840.0,160.0
dot_font_random_44.png,4,grid_7x5_cluster4_dot_font_random_44.png,7,5,1000,40,280,1160,1080.0,160.0
dot_font_random_44.png,5,grid_7x5_cluster5_dot_font_random_44.png,7,5,1240,40,280,1400,1320.0,160.0
dot_font_random_45.png,0,grid_7x5_cluster0_dot_font_random_45.png,7,5,40,40,280,200,120.0,160.0
dot_font_random_45.png,1,grid_7x5_cluster1_dot_font_random_45.png,7,5,280,40,280,440,360.0,160.0
dot_font_random_45.png,2,grid_7x5_cluster2_dot_font_random_45.png,7,5,520,40,280,680,600.0,160.0
dot_font_random_45.png,3,grid_7x5_cluster3_dot_font_random_45.png,7,5,760,40,280,920,840.0,160.0
dot_font_random_45.png,4,grid_7x5_cluster4_dot_font_random_45.png,7,5,1000,40,280,1160,1080.0,160.0
dot_font_random_45.png,5,grid_7x5_cluster5_dot_font_random_45.png,7,5,1240,40,280,1400,1320.0,160.0
dot_font_random_46.png,0,grid_7x5_cluster0_dot_font_random_46.png,7,5,40,40,280,200,120.0,160.0
dot_font_random_46.png,1,grid_7x5_cluster1_dot_font_random_46.png,7,5,320,40,280,400,360.0,160.0
dot_font_random_46.png,2,grid_7x5_cluster2_dot_font_random_46.png,7,5,520,40,280,680,600.0,160.0
dot_font_random_46.png,3,grid_7x5_cluster3_dot_font_random_46.png,7,5,760,40,280,920,840.0,160.0
dot_font_random_46.png,4,grid_7x5_cluster4_dot_font_random_46.png,7,5,1000,40,280,1160,1080.0,160.0
dot_font_random_46.png,5,grid_7x5_cluster5_dot_font_random_46.png,7,5,1240,40,280,1400,1320.0,160.0
dot_font_random_47.png,0,grid_7x5_cluster0_dot_font_random_47.png,7,5,40,40,280,200,120.0,160.0
dot_font_random_47.png,1,grid_7x5_cluster1_dot_font_random_47.png,7,5,280,40,280,440,360.0,160.0
dot_font_random_47.png,2,grid_7x5_cluster2_dot_font_random_47.png,7,5,560,40,280,640,600.0,160.0
dot_font_random_47.png,3,grid_7x5_cluster3_dot_font_random_47.png,7,5,760,40,280,920,840.0,160.0
dot_font_random_47.png,4,grid_7x5_cluster4_dot_font_random_47.png,7,5,1000,40,280,1160,1080.0,160.0
dot_font_random_47.png,5,grid_7x5_cluster5_dot_font_random_47.png,7,5,1240,40,280,1400,1320.0,160.0
dot_font_random_48.png,0,grid_7x5_cluster0_dot_font_random_48.png,7,5,40,40,280,200,120.0,160.0
dot_font_random_48.png,1,grid_7x5_cluster1_dot_font_random_48.png,7,5,320,40,280,400,360.0,160.0
dot_font_random_48.png,2,grid_7x5_cluster2_dot_font_random_48.png,7,5,520,40,280,680,600.0,160.0
dot_font_random_48.png,3,grid_7x5_cluster3_dot_font_random_48.png,7,5,760,40,280,920,840.0,160.0
dot_font_random_48.png,4,grid_7x5_cluster4_dot_font_random_48.png,7,5,1000,40,280,1160,1080.0,160.0
dot_font_random_48.png,5,grid_7x5_cluster5_dot_font_random_48.png,7,5,1240,40,280,1400,1320.0,160.0
dot_font_random_49.png,0,grid_7x5_cluster0_dot_font_random_49.png,7,5,40,40,280,200,120.0,160.0
dot_font_random_49.png,1,grid_7x5_cluster1_dot_font_random_49.png,7,5,320,40,280,400,360.0,160.0
dot_font_random_49.png,2,grid_7x5_cluster2_dot_font_random_49.png,7,5,520,40,280,680,600.0,160.0
dot_font_random_49.png,3,grid_7x5_cluster3_dot_font_random_49.png,7,5,760,40,280,920,840.0,160.0
dot_font_random_49.png,4,grid_7x5_cluster4_dot_font_random_49.png,7,5,1000,40,280,1160,1080.0,160.0
dot_font_random_49.png,5,grid_7x5_cluster5_dot_font_random_49.png,7,5,1280,40,280,1360,1320.0,160.0
dot_font_random_5.png,0,grid_7x5_cluster0_dot_font_random_5.png,7,5,40,40,280,200,120.0,160.0
dot_font_random_5.png,1,grid_7x5_cluster1_dot_font_random_5.png,7,5,280,40,280,440,360.0,160.0
dot_font_random_5.png,2,grid_7x5_cluster2_dot_font_random_5.png,7,5,520,40,280,680,600.0,160.0
dot_font_random_5.png,3,grid_7x5_cluster3_dot_font_random_5.png,7,5,760,40,280,920,840.0,160.0
dot_font_random_5.png,4,grid_7x5_cluster4_dot_font_random_5.png,7,5,1000,40,280,1160,1080.0,160.0
dot_font_random_5.png,5,grid_7x5_cluster5_dot_font_random_5.png,7,5,1240,40,280,1400,1320.0,160.0
dot_font_random_50.png,0,grid_7x5_cluster0_dot_font_random_50.png,7,5,40,40,280,200,120.0,160.0
dot_font_random_50.png,1,grid_7x5_cluster1_dot_font_random_50.png,7,5,280,40,280,440,360.0,160.0
dot_font_random_50.png,2,grid_7x5_cluster2_dot_font_random_50.png,7,5,520,40,280,680,600.0,160.0
dot_font_random_50.png,3,grid_7x5_cluster3_dot_font_random_50.png,7,5,760,40,280,920,840.0,160.0
dot_font_random_50.png,4,grid_7x5_cluster4_dot_font_random_50.png,7,5,1000,40,280,1160,1080.0,160.0
dot_font_random_50.png,5,grid_7x5_cluster5_dot_font_random_50.png,7,5,1240,40,280,1400,1320.0,160.0
dot_font_random_51.png,0,grid_7x5_cluster0_dot_font_random_51.png,7,5,40,40,280,200,120.0,160.0
dot_font_random_51.png,1,grid_7x5_cluster1_dot_font_random_51.png,7,5,280,40,280,440,360.0,160.0
dot_font_random_51.png,2,grid_7x5_cluster2_dot_font_random_51.png,7,5,520,40,280,680,600.0,160.0
dot_font_random_51.png,3,grid_7x5_cluster3_dot_font_random_51.png,7,5,760,40,280,920,840.0,160.0
dot_font_random_51.png,4,grid_7x5_cluster4_dot_font_random_51.png,7,5,1000,40,280,1160,1080.0,160.0
dot_font_random_51.png,5,grid_7x5_cluster5_dot_font_random_51.png,7,5,1240,40,280,1400,1320.0,160.0
dot_font_random_52.png,0,grid_7x5_cluster0_dot_font_random_52.png,7,5,80,40,280,160,120.0,160.0
dot_font_random_52.png,1,grid_7x5_cluster1_dot_font_random_52.png,7,5,280,40,280,440,360.0,160.0
dot_font_random_52.png,2,grid_7x5_cluster2_dot_font_random_52.png,7,5,520,40,280,680,600.0,160.0
dot_font_random_52.png,3,grid_7x5_cluster3_dot_font_random_52.png,7,5,760,40,280,920,840.0,160.0
dot_font_random_52.png,4,grid_7x5_cluster4_dot_font_random_52.png,7,5,1000,40,280,1160,1080.0,160.0
dot_font_random_52.png,5,grid_7x5_cluster5_dot_font_random_52.png,7,5,1240,40,280,1400,1320.0,160.0
dot_font_random_53.png,0,grid_7x5_cluster0_dot_font_random_53.png,7,5,40,40,280,200,120.0,160.0
dot_font_random_53.png,1,grid_7x5_cluster1_dot_font_random_53.png,7,5,280,40,280,440,360.0,160.0
dot_font_random_53.png,2,grid_7x5_cluster2_dot_font_random_53.png,7,5,520,40,280,680,600.0,160.0
dot_font_random_53.png,3,grid_7x5_cluster3_dot_font_random_53.png,7,5,760,40,280,920,840.0,160.0
dot_font_random_53.png,4,grid_7x5_cluster4_dot_font_random_53.png,7,5,1000,40,280,1160,1080.0,160.0
dot_font_random_53.png,5,grid_7x5_cluster5_dot_font_random_53.png,7,5,1240,40,280,1400,1320.0,160.0
dot_font_random_54.png,0,grid_7x5_cluster0_dot_font_random_54.png,7,5,40,40,280,200,120.0,160.0
dot_font_random_54.png,1,grid_7x5_cluster1_dot_font_random_54.png,7,5,280,40,280,440,360.0,160.0
dot_font_random_54.png,2,grid_7x5_cluster2_dot_font_random_54.png,7,5,520,40,280,680,600.0,160.0
dot_font_random_54.png,3,grid_7x5_cluster3_dot_font_random_54.png,7,5,760,40,280,920,840.0,160.0
dot_font_random_54.png,4,grid_7x5_cluster4_dot_font_random_54.png,7,5,1000,40,280,1160,1080.0,160.0
dot_font_random_54.png,5,grid_7x5_cluster5_dot_font_random_54.png,7,5,1240,40,280,1400,1320.0,160.0
dot_font_random_55.png,0,grid_7x5_cluster0_dot_font_random_55.png,7,5,40,40,280,200,120.0,160.0
dot_font_random_55.png,1,grid_7x5_cluster1_dot_font_random_55.png,7,5,280,40,280,440,360.0,160.0
dot_font_random_55.png,2,grid_7x5_cluster2_dot_font_random_55.png,7,5,560,40,280,640,600.0,160.0
dot_font_random_55.png,3,grid_7x5_cluster3_dot_font_random_55.png,7,5,760,40,280,920,840.0,160.0
dot_font_random_55.png,4,grid_7x5_cluster4_dot_font_random_55.png,7,5,1000,40,280,1160,1080.0,160.0
dot_font_random_55.png,5,grid_7x5_cluster5_dot_font_random_55.png,7,5,1240,40,280,1400,1320.0,160.0
dot_font_random_56.png,0,grid_7x5_cluster0_dot_font_random_56.png,7,5,40,40,280,200,120.0,160.0
dot_font_random_56.png,1,grid_7x5_cluster1_dot_font_random_56.png,7,5,320,40,280,400,360.0,160.0
dot_font_random_56.png,2,grid_7x5_cluster2_dot_font_random_56.png,7,5,520,40,280,680,600.0,160.0
dot_font_random_56.png,3,grid_7x5_cluster3_dot_font_random_56.png,7,5,760,40,280,920,840.0,160.0
dot_font_random_56.png,4,grid_7x5_cluster4_dot_font_random_56.png,7,5,1000,40,280,1160,1080.0,160.0
dot_font_random_56.png,5,grid_7x5_cluster5_dot_font_random_56.png,7,5,1240,40,280,1400,1320.0,160.0
dot_font_random_57.png,0,grid_7x5_cluster0_dot_font_random_57.png,7,5,40,40,280,200,120.0,160.0
dot_font_random_57.png,1,grid_7x5_cluster1_dot_font_random_57.png,7,5,280,40,280,440,360.0,160.0
dot_font_random_57.png,2,grid_7x5_cluster2_dot_font_random_57.png,7,5,520,40,280,680,600.0,160.0
dot_font_random_57.png,3,grid_7x5_cluster3_dot_font_random_57.png,7,5,800,40,280,880,840.0,160.0
dot_font_random_57.png,4,grid_7x5_cluster4_dot_font_random_57.png,7,5,1000,40,280,1160,1080.0,160.0
dot_font_random_57.png,5,grid_7x5_cluster5_dot_font_random_57.png,7,5,1240,40,280,1400,1320.0,160.0
dot_font_random_58.png,0,grid_7x5_cluster0_dot_font_random_58.png,7,5,40,40,280,200,120.0,160.0
dot_font_random_58.png,1,grid_7x5_cluster1_dot_font_random_58.png,7,5,280,40,280,440,360.0,160.0
dot_font_random_58.png,2,grid_7x5_cluster2_dot_font_random_58.png,7,5,560,40,280,640,600.0,160.0
dot_font_random_58.png,3,grid_7x5_cluster3_dot_font_random_58.png,7,5,760,40,280,920,840.0,160.0
dot_font_random_58.png,4,grid_7x5_cluster4_dot_font_random_58.png,7,5,1000,40,280,1160,1080.0,160.0
dot_font_random_58.png,5,grid_7x5_cluster5_dot_font_random_58.png,7,5,1280,40,280,1360,1320.0,160.0
dot_font_random_59.png,0,grid_7x5_cluster0_dot_font_random_59.png,7,5,40,40,280,200,120.0,160.0
dot_font_random_59.png,1,grid_7x5_cluster1_dot_font_random_59.png,7,5,280,40,280,440,360.0,160.0
dot_font_random_59.png,2,grid_7x5_cluster2_dot_font_random_59.png,7,5,520,40,280,680,600.0,160.0
dot_font_random_59.png,3,grid_7x5_cluster3_dot_font_random_59.png,7,5,760,40,280,920,840.0,160.0
dot_font_random_59.png,4,grid_7x5_cluster4_dot_font_random_59.png,7,5,1000,40,280,1160,1080.0,160.0
dot_font_random_59.png,5,grid_7x5_cluster5_dot_font_random_59.png,7,5,1240,40,280,1400,1320.0,160.0
dot_font_random_6.png,0,grid_7x5_cluster0_dot_font_random_6.png,7,5,40,40,280,200,120.0,160.0
dot_font_random_6.png,1,grid_7x5_cluster1_dot_font_random_6.png,7,5,280,40,280,440,360.0,160.0
dot_font_random_6.png,2,grid_7x5_cluster2_dot_font_random_6.png,7,5,520,40,280,680,600.0,160.0
dot_font_random_6.png,3,grid_7x5_cluster3_dot_font_random_6.png,7,5,760,40,280,920,840.0,160.0
dot_font_random_6.png,4,grid_7x5_cluster4_dot_font_random_6.png,7,5,1000,40,280,1160,1080.0,160.0
dot_font_random_6.png,5,grid_7x5_cluster5_dot_font_random_6.png,7,5,1240,40,280,1400,1320.0,160.0
dot_font_random_60.png,0,grid_7x5_cluster0_dot_font_random_60.png,7,5,40,40,280,200,120.0,160.0
dot_font_random_60.png,1,grid_7x5_cluster1_dot_font_random_60.png,7,5,280,40,280,440,360.0,160.0
dot_font_random_60.png,2,grid_7x5_cluster2_dot_font_random_60.png,7,5,520,40,280,680,600.0,160.0
dot_font_random_60.png,3,grid_7x5_cluster3_dot_font_random_60.png,7,5,800,40,280,880,840.0,160.0
dot_font_random_60.png,4,grid_7x5_cluster4_dot_font_random_60.png,7,5,1000,40,280,1160,1080.0,160.0
dot_font_random_60.png,5,grid_7x5_cluster5_dot_font_random_60.png,7,5,1240,40,280,1400,1320.0,160.0
dot_font_random_61.png,0,grid_7x5_cluster0_dot_font_random_61.png,7,5,40,40,280,200,120.0,160.0
dot_font_random_61.png,1,grid_7x5_cluster1_dot_font_random_61.png,7,5,320,40,280,400,360.0,160.0
dot_font_random_61.png,2,grid_7x5_cluster2_dot_font_random_61.png,7,5,520,40,280,680,600.0,160.0
dot_font_random_61.png,3,grid_7x5_cluster3_dot_font_random_61.png,7,5,760,40,280,920,840.0,160.0
dot_font_random_61.png,4,grid_7x5_cluster4_dot_font_random_61.png,7,5,1000,40,280,1160,1080.0,160.0
dot_font_random_61.png,5,grid_7x5_cluster5_dot_font_random_61.png,7,5,1240,40,280,1400,1320.0,160.0
dot_font_random_62.png,0,grid_7x5_cluster0_dot_font_random_62.png,7,5,80,40,280,160,120.0,160.0
dot_font_random_62.png,1,grid_7x5_cluster1_dot_font_random_62.png,7,5,280,40,280,440,360.0,160.0
dot_font_random_62.png,2,grid_7x5_cluster2_dot_font_random_62.png,7,5,520,40,280,680,600.0,160.0
dot_font_random_62.png,3,grid_7x5_cluster3_dot_font_random_62.png,7,5,760,40,280,920,840.0,160.0
dot_font_random_62.png,4,grid_7x5_cluster4_dot_font_random_62.png,7,5,1000,40,280,1160,1080.0,160.0
dot_font_random_62.png,5,grid_7x5_cluster5_dot_font_random_62.png,7,5,1240,40,280,1400,1320.0,160.0
dot_font_random_63.png,0,grid_7x5_cluster0_dot_font_random_63.png,7,5,40,40,280,200,120.0,160.0
dot_font_random_63.png,1,grid_7x5_cluster1_dot_font_random_63.png,7,5,280,40,280,440,360.0,160.0
dot_font_random_63.png,2,grid_7x5_cluster2_dot_font_random_63.png,7,5,520,40,280,680,600.0,160.0
dot_font_random_63.png,3,grid_7x5_cluster3_dot_font_random_63.png,7,5,760,40,280,920,840.0,160.0
dot_font_random_63.png,4,grid_7x5_cluster4_dot_font_random_63.png,7,5,1000,40,280,1160,1080.0,160.0
dot_font_random_63.png,5,grid_7x5_cluster5_dot_font_random_63.png,7,5,1280,40,280,1360,1320.0,160.0
dot_font_random_64.png,0,grid_7x5_cluster0_dot_font_random_64.png,7,5,80,40,280,160,120.0,160.0
dot_font_random_64.png,1,grid_7x5_cluster1_dot_font_random_64.png,7,5,280,40,280,440,360.0,160.0
dot_font_random_64.png,2,grid_7x5_cluster2_dot_font_random_64.png,7,5,520,40,280,680,600.0,160.0
dot_font_random_64.png,3,grid_7x5_cluster3_dot_font_random_64.png,7,5,800,40,280,880,840.0,160.0
dot_font_random_64.png,4,grid_7x5_cluster4_dot_font_random_64.png,7,5,1040,40,280,1120,1080.0,160.0
dot_font_random_64.png,5,grid_7x5_cluster5_dot_font_random_64.png,7,5,1240,40,280,1400,1320.0,160.0
dot_font_random_65.png,0,grid_7x5_cluster0_dot_font_random_65.png,7,5,40,40,280,200,120.0,160.0
dot_font_random_65.png,1,grid_7x5_cluster1_dot_font_random_65.png,7,5,320,40,280,400,360.0,160.0
dot_font_random_65.png,2,grid_7x5_cluster2_dot_font_random_65.png,7,5,520,40,280,680,600.0,160.0
dot_font_random_65.png,3,grid_7x5_cluster3_dot_font_random_65.png,7,5,760,40,280,920,840.0,160.0
dot_font_random_65.png,4,grid_7x5_cluster4_dot_font_random_65.png,7,5,1000,40,280,1160,1080.0,160.0
dot_font_random_65.png,5,grid_7x5_cluster5_dot_font_random_65.png,7,5,1240,40,280,1400,1320.0,160.0
dot_font_random_66.png,0,grid_7x5_cluster0_dot_font_random_66.png,7,5,40,40,280,200,120.0,160.0
dot_font_random_66.png,1,grid_7x5_cluster1_dot_font_random_66.png,7,5,280,40,280,440,360.0,160.0
dot_font_random_66.png,2,grid_7x5_cluster2_dot_font_random_66.png,7,5,560,40,280,640,600.0,160.0
dot_font_random_66.png,3,grid_7x5_cluster3_dot_font_random_66.png,7,5,760,40,280,920,840.0,160.0
dot_font_random_66.png,4,grid_7x5_cluster4_dot_font_random_66.png,7,5,1000,40,280,1160,1080.0,160.0
dot_font_random_66.png,5,grid_7x5_cluster5_dot_font_random_66.png,7,5,1280,40,280,1360,1320.0,160.0
dot_font_random_67.png,0,grid_7x5_cluster0_dot_font_random_67.png,7,5,40,40,280,200,120.0,160.0
dot_font_random_67.png,1,grid_7x5_cluster1_dot_font_random_67.png,7,5,280,40,280,440,360.0,160.0
dot_font_random_67.png,2,grid_7x5_cluster2_dot_font_random_67.png,7,5,520,40,280,680,600.0,160.0
dot_font_random_67.png,3,grid_7x5_cluster3_dot_font_random_67.png,7,5,760,40,280,920,840.0,160.0
dot_font_random_67.png,4,grid_7x5_cluster4_dot_font_random_67.png,7,5,1000,40,280,1160,1080.0,160.0
dot_font_random_67.png,5,grid_7x5_cluster5_dot_font_random_67.png,7,5,1240,40,280,1400,1320.0,160.0
dot_font_random_68.png,0,grid_7x5_cluster0_dot_font_random_68.png,7,5,40,40,280,200,120.0,160.0
dot_font_random_68.png,1,grid_7x5_cluster1_dot_font_random_68.png,7,5,280,40,280,440,360.0,160.0
dot_font_random_68.png,2,grid_7x5_cluster2_dot_font_random_68.png,7,5,520,40,280,680,600.0,160.0
dot_font_random_68.png,3,grid_7x5_cluster3_dot_font_random_68.png,7,5,760,40,280,920,840.0,160.0
dot_font_random_68.png,4,grid_7x5_cluster4_dot_font_random_68.png,7,5,1000,40,280,1160,1080.0,160.0
dot_font_random_68.png,5,grid_7x5_cluster5_dot_font_random_68.png,7,5,1240,40,280,1400,1320.0,160.0
dot_font_random_69.png,0,grid_7x5_cluster0_dot_font_random_69.png,7,5,40,40,280,200,120.0,160.0
dot_font_random_69.png,1,grid_7x5_cluster1_dot_font_random_69.png,7,5,280,40,280,440,360.0,160.0
dot_font_random_69.png,2,grid_7x5_cluster2_dot_font_random_69.png,7,5,520,40,280,680,600.0,160.0
dot_font_random_69.png,3,grid_7x5_cluster3_dot_font_random_69.png,7,5,760,40,280,920,840.0,160.0
dot_font_random_69.png,4,grid_7x5_cluster4_dot_font_random_69.png,7,5,1000,40,280,1160,1080.0,160.0
dot_font_random_69.png,5,grid_7x5_cluster5_dot_font_random_69.png,7,5,1240,40,280,1400,1320.0,160.0
dot_font_random_7.png,0,grid_7x5_cluster0_dot_font_random_7.png,7,5,40,40,280,200,120.0,160.0
dot_font_random_7.png,1,grid_7x5_cluster1_dot_font_random_7.png,7,5,280,40,280,440,360.0,160.0
dot_font_random_7.png,2,grid_7x5_cluster2_dot_font_random_7.png,7,5,520,40,280,680,600.0,160.0
dot_font_random_7.png,3,grid_7x5_cluster3_dot_font_random_7.png,7,5,760,40,280,920,840.0,160.0
dot_font_random_7.png,4,grid_7x5_cluster4_dot_font_random_7.png,7,5,1000,40,280,1160,1080.0,160.0
dot_font_random_7.png,5,grid_7x5_cluster5_dot_font_random_7.png,7,5,1240,40,280,1400,1320.0,160.0
dot_font_random_70.png,0,grid_7x5_cluster0_dot_font_random_70.png,7,5,40,40,280,200,120.0,160.0
dot_font_random_70.png,1,grid_7x5_cluster1_dot_font_random_70.png,7,5,280,40,280,440,360.0,160.0
dot_font_random_70.png,2,grid_7x5_cluster2_dot_font_random_70.png,7,5,520,40,280,680,600.0,160.0
dot_font_random_70.png,3,grid_7x5_cluster3_dot_font_random_70.png,7,5,760,40,280,920,840.0,160.0
dot_font_random_70.png,4,grid_7x5_cluster4_dot_font_random_70.png,7,5,1000,40,280,1160,1080.0,160.0
dot_font_random_70.png,5,grid_7x5_cluster5_dot_font_random_70.png,7,5,1240,40,280,1400,1320.0,160.0
dot_font_random_71.png,0,grid_7x5_cluster0_dot_font_random_71.png,7,5,40,40,280,200,120.0,160.0
dot_font_random_71.png,1,grid_7x5_cluster1_dot_font_random_71.png,7,5,280,40,280,440,360.0,160.0
dot_font_random_71.png,2,grid_7x5_cluster2_dot_font_random_71.png,7,5,520,40,280,680,600.0,160.0
dot_font_random_71.png,3,grid_7x5_cluster3_dot_font_random_71.png,7,5,760,40,280,920,840.0,160.0
dot_font_random_71.png,4,grid_7x5_cluster4_dot_font_random_71.png,7,5,1000,40,280,1160,1080.0,160.0
dot_font_random_71.png,5,grid_7x5_cluster5_dot_font_random_71.png,7,5,1240,40,280,1400,1320.0,160.0
dot_font_random_72.png,0,grid_7x5_cluster0_dot_font_random_72.png,7,5,40,40,280,200,120.0,160.0
dot_font_random_72.png,1,grid_7x5_cluster1_dot_font_random_72.png,7,5,280,40,280,440,360.0,160.0
dot_font_random_72.png,2,grid_7x5_cluster2_dot_font_random_72.png,7,5,520,40,280,680,600.0,160.0
dot_font_random_72.png,3,grid_7x5_cluster3_dot_font_random_72.png,7,5,760,40,280,920,840.0,160.0
dot_font_random_72.png,4,grid_7x5_cluster4_dot_font_random_72.png,7,5,1000,40,280,1160,1080.0,160.0
dot_font_random_72.png,5,grid_7x5_cluster5_dot_font_random_72.png,7,5,1240,40,280,1400,1320.0,160.0
dot_font_random_73.png,0,grid_7x5_cluster0_dot_font_random_73.png,7,5,40,40,280,200,120.0,160.0
dot_font_random_73.png,1,grid_7x5_cluster1_dot_font_random_73.png,7,5,280,40,280,440,360.0,160.0
dot_font_random_73.png,2,grid_7x5_cluster2_dot_font_random_73.png,7,5,520,40,280,680,600.0,160.0
dot_font_random_73.png,3,grid_7x5_cluster3_dot_font_random_73.png,7,5,760,40,280,920,840.0,160.0
dot_font_random_73.png,4,grid_7x5_cluster4_dot_font_random_73.png,7,5,1000,40,280,1160,1080.0,160.0
dot_font_random_73.png,5,grid_7x5_cluster5_dot_font_random_73.png,7,5,1240,40,280,1400,1320.0,160.0
dot_font_random_74.png,0,grid_7x5_cluster0_dot_font_random_74.png,7,5,40,40,280,200,120.0,160.0
dot_font_random_74.png,1,grid_7x5_cluster1_dot_font_random_74.png,7,5,280,40,280,440,360.0,160.0
dot_font_random_74.png,2,grid_7x5_cluster2_dot_font_random_74.png,7,5,520,40,280,680,600.0,160.0
dot_font_random_74.png,3,grid_7x5_cluster3_dot_font_random_74.png,7,5,760,40,280,920,840.0,160.0
dot_font_random_74.png,4,grid_7x5_cluster4_dot_font_random_74.png,7,5,1000,40,280,1160,1080.0,160.0
dot_font_random_74.png,5,grid_7x5_cluster5_dot_font_random_74.png,7,5,1240,40,280,1400,1320.0,160.0
dot_font_random_75.png,0,grid_7x5_cluster0_dot_font_random_75.png,7,5,40,40,280,200,120.0,160.0
dot_font_random_75.png,1,grid_7x5_cluster1_dot_font_random_75.png,7,5,280,40,280,440,360.0,160.0
dot_font_random_75.png,2,grid_7x5_cluster2_dot_font_random_75.png,7,5,520,40,280,680,600.0,160.0
dot_font_random_75.png,3,grid_7x5_cluster3_dot_font_random_75.png,7,5,760,40,280,920,840.0,160.0
dot_font_random_75.png,4,grid_7x5_cluster4_dot_font_random_75.png,7,5,1000,40,280,1160,1080.0,160.0
dot_font_random_75.png,5,grid_7x5_cluster5_dot_font_random_75.png,7,5,1240,40,280,1400,1320.0,160.0
dot_font_random_76.png,0,grid_7x5_cluster0_dot_font_random_76.png,7,5,40,40,280,200,120.0,160.0
dot_font_random_76.png,1,grid_7x5_cluster1_dot_font_random_76.png,7,5,280,40,280,440,360.0,160.0
dot_font_random_76.png,2,grid_7x5_cluster2_dot_font_random_76.png,7,5,520,40,280,680,600.0,160.0
dot_font_random_76.png,3,grid_7x5_cluster3_dot_font_random_76.png,7,5,800,40,280,880,840.0,160.0
dot_font_random_76.png,4,grid_7x5_cluster4_dot_font_random_76.png,7,5,1000,40,280,1160,1080.0,160.0
dot_font_random_76.png,5,grid_7x5_cluster5_dot_font_random_76.png,7,5,1240,40,280,1400,1320.0,160.0
dot_font_random_77.png,0,grid_7x5_cluster0_dot_font_random_77.png,7,5,40,40,280,200,120.0,160.0
dot_font_random_77.png,1,grid_7x5_cluster1_dot_font_random_77.png,7,5,280,40,280,440,360.0,160.0
dot_font_random_77.png,2,grid_7x5_cluster2_dot_font_random_77.png,7,5,520,40,280,680,600.0,160.0
dot_font_random_77.png,3,grid_7x5_cluster3_dot_font_random_77.png,7,5,800,40,280,880,840.0,160.0
dot_font_random_77.png,4,grid_7x5_cluster4_dot_font_random_77.png,7,5,1000,40,280,1160,1080.0,160.0
dot_font_random_77.png,5,grid_7x5_cluster5_dot_font_random_77.png,7,5,1280,40,280,1360,1320.0,160.0
dot_font_random_78.png,0,grid_7x5_cluster0_dot_font_random_78.png,7,5,80,40,280,160,120.0,160.0
dot_font_random_78.png,1,grid_7x5_cluster1_dot_font_random_78.png,7,5,320,40,280,400,360.0,160.0
dot_font_random_78.png,2,grid_7x5_cluster2_dot_font_random_78.png,7,5,520,40,280,680,600.0,160.0
dot_font_random_78.png,3,grid_7x5_cluster3_dot_font_random_78.png,7,5,760,40,280,920,840.0,160.0
dot_font_random_78.png,4,grid_7x5_cluster4_dot_font_random_78.png,7,5,1000,40,280,1160,1080.0,160.0
dot_font_random_78.png,5,grid_7x5_cluster5_dot_font_random_78.png,7,5,1240,40,280,1400,1320.0,160.0
dot_font_random_79.png,0,grid_7x5_cluster0_dot_font_random_79.png,7,5,40,40,280,200,120.0,160.0
dot_font_random_79.png,1,grid_7x5_cluster1_dot_font_random_79.png,7,5,280,40,280,440,360.0,160.0
dot_font_random_79.png,2,grid_7x5_cluster2_dot_font_random_79.png,7,5,520,40,280,680,600.0,160.0
dot_font_random_79.png,3,grid_7x5_cluster3_dot_font_random_79.png,7,5,760,40,280,920,840.0,160.0
dot_font_random_79.png,4,grid_7x5_cluster4_dot_font_random_79.png,7,5,1000,40,280,1160,1080.0,160.0
dot_font_random_79.png,5,grid_7x5_cluster5_dot_font_random_79.png,7,5,1240,40,280,1400,1320.0,160.0
dot_font_random_8.png,0,grid_7x5_cluster0_dot_font_random_8.png,7,5,40,40,280,200,120.0,160.0
dot_font_random_8.png,1,grid_7x5_cluster1_dot_font_random_8.png,7,5,320,40,280,400,360.0,160.0
dot_font_random_8.png,2,grid_7x5_cluster2_dot_font_random_8.png,7,5,520,40,280,680,600.0,160.0
dot_font_random_8.png,3,grid_7x5_cluster3_dot_font_random_8.png,7,5,760,40,280,920,840.0,160.0
dot_font_random_8.png,4,grid_7x5_cluster4_dot_font_random_8.png,7,5,1000,40,280,1160,1080.0,160.0
dot_font_random_8.png,5,grid_7x5_cluster5_dot_font_random_8.png,7,5,1280,40,280,1360,1320.0,160.0
dot_font_random_80.png,0,grid_7x5_cluster0_dot_font_random_80.png,7,5,40,40,280,200,120.0,160.0
dot_font_random_80.png,1,grid_7x5_cluster1_dot_font_random_80.png,7,5,280,40,280,440,360.0,160.0
dot_font_random_80.png,2,grid_7x5_cluster2_dot_font_random_80.png,7,5,520,40,280,680,600.0,160.0
dot_font_random_80.png,3,grid_7x5_cluster3_dot_font_random_80.png,7,5,760,40,280,920,840.0,160.0
dot_font_random_80.png,4,grid_7x5_cluster4_dot_font_random_80.png,7,5,1000,40,280,1160,1080.0,160.0
dot_font_random_80.png,5,grid_7x5_cluster5_dot_font_random_80.png,7,5,1240,40,280,1400,1320.0,160.0
dot_font_random_81.png,0,grid_7x5_cluster0_dot_font_random_81.png,7,5,40,40,280,200,120.0,160.0
dot_font_random_81.png,1,grid_7x5_cluster1_dot_font_random_81.png,7,5,280,40,280,440,360.0,160.0
dot_font_random_81.png,2,grid_7x5_cluster2_dot_font_random_81.png,7,5,520,40,280,680,600.0,160.0
dot_font_random_81.png,3,grid_7x5_cluster3_dot_font_random_81.png,7,5,760,40,280,920,840.0,160.0
dot_font_random_81.png,4,grid_7x5_cluster4_dot_font_random_81.png,7,5,1000,40,280,1160,1080.0,160.0
dot_font_random_81.png,5,grid_7x5_cluster5_dot_font_random_81.png,7,5,1240,40,280,1400,1320.0,160.0
dot_font_random_82.png,0,grid_7x5_cluster0_dot_font_random_82.png,7,5,40,40,280,200,120.0,160.0
dot_font_random_82.png,1,grid_7x5_cluster1_dot_font_random_82.png,7,5,280,40,280,440,360.0,160.0
dot_font_random_82.png,2,grid_7x5_cluster2_dot_font_random_82.png,7,5,520,40,280,680,600.0,160.0
dot_font_random_82.png,3,grid_7x5_cluster3_dot_font_random_82.png,7,5,760,40,280,920,840.0,160.0
dot_font_random_82.png,4,grid_7x5_cluster4_dot_font_random_82.png,7,5,1000,40,280,1160,1080.0,160.0
dot_font_random_82.png,5,grid_7x5_cluster5_dot_font_random_82.png,7,5,1240,40,280,1400,1320.0,160.0
dot_font_random_83.png,0,grid_7x5_cluster0_dot_font_random_83.png,7,5,40,40,280,200,120.0,160.0
dot_font_random_83.png,1,grid_7x5_cluster1_dot_font_random_83.png,7,5,280,40,280,440,360.0,160.0
dot_font_random_83.png,2,grid_7x5_cluster2_dot_font_random_83.png,7,5,520,40,280,680,600.0,160.0
dot_font_random_83.png,3,grid_7x5_cluster3_dot_font_random_83.png,7,5,760,40,280,920,840.0,160.0
dot_font_random_83.png,4,grid_7x5_cluster4_dot_font_random_83.png,7,5,1000,40,280,1160,1080.0,160.0
dot_font_random_83.png,5,grid_7x5_cluster5_dot_font_random_83.png,7,5,1240,40,280,1400,1320.0,160.0
dot_font_random_84.png,0,grid_7x5_cluster0_dot_font_random_84.png,7,5,40,40,280,200,120.0,160.0
dot_font_random_84.png,1,grid_7x5_cluster1_dot_font_random_84.png,7,5,280,40,280,440,360.0,160.0
dot_font_random_84.png,2,grid_7x5_cluster2_dot_font_random_84.png,7,5,520,40,280,680,600.0,160.0
dot_font_random_84.png,3,grid_7x5_cluster3_dot_font_random_84.png,7,5,760,40,280,920,840.0,160.0
dot_font_random_84.png,4,grid_7x5_cluster4_dot_font_random_84.png,7,5,1000,40,280,1160,1080.0,160.0
dot_font_random_84.png,5,grid_7x5_cluster5_dot_font_random_84.png,7,5,1240,40,280,1400,1320.0,160.0
dot_font_random_85.png,0,grid_7x5_cluster0_dot_font_random_85.png,7,5,40,40,280,200,120.0,160.0
dot_font_random_85.png,1,grid_7x5_cluster1_dot_font_random_85.png,7,5,280,40,280,440,360.0,160.0
dot_font_random_85.png,2,grid_7x5_cluster2_dot_font_random_85.png,7,5,520,40,280,680,600.0,160.0
dot_font_random_85.png,3,grid_7x5_cluster3_dot_font_random_85.png,7,5,760,40,280,920,840.0,160.0
dot_font_random_85.png,4,grid_7x5_cluster4_dot_font_random_85.png,7,5,1000,40,280,1160,1080.0,160.0
dot_font_random_85.png,5,grid_7x5_cluster5_dot_font_random_85.png,7,5,1240,40,280,1400,1320.0,160.0
dot_font_random_86.png,0,grid_7x5_cluster0_dot_font_random_86.png,7,5,40,40,280,200,120.0,160.0
dot_font_random_86.png,1,grid_7x5_cluster1_dot_font_random_86.png,7,5,320,40,280,400,360.0,160.0
dot_font_random_86.png,2,grid_7x5_cluster2_dot_font_random_86.png,7,5,520,40,280,680,600.0,160.0
dot_font_random_86.png,3,grid_7x5_cluster3_dot_font_random_86.png,7,5,760,40,280,920,840.0,160.0
dot_font_random_86.png,4,grid_7x5_cluster4_dot_font_random_86.png,7,5,1000,40,280,1160,1080.0,160.0
dot_font_random_86.png,5,grid_7x5_cluster5_dot_font_random_86.png,7,5,1240,40,280,1400,1320.0,160.0
dot_font_random_87.png,0,grid_7x5_cluster0_dot_font_random_87.png,7,5,80,40,280,160,120.0,160.0
dot_font_random_87.png,1,grid_7x5_cluster1_dot_font_random_87.png,7,5,280,40,280,440,360.0,160.0
dot_font_random_87.png,2,grid_7x5_cluster2_dot_font_random_87.png,7,5,520,40,280,680,600.0,160.0
dot_font_random_87.png,3,grid_7x5_cluster3_dot_font_random_87.png,7,5,760,40,280,920,840.0,160.0
dot_font_random_87.png,4,grid_7x5_cluster4_dot_font_random_87.png,7,5,1000,40,280,1160,1080.0,160.0
dot_font_random_87.png,5,grid_7x5_cluster5_dot_font_random_87.png,7,5,1240,40,280,1400,1320.0,160.0
dot_font_random_88.png,0,grid_7x5_cluster0_dot_font_random_88.png,7,5,40,40,280,200,120.0,160.0
dot_font_random_88.png,1,grid_7x5_cluster1_dot_font_random_88.png,7,5,280,40,280,440,360.0,160.0
dot_font_random_88.png,2,grid_7x5_cluster2_dot_font_random_88.png,7,5,520,40,280,680,600.0,160.0
dot_font_random_88.png,3,grid_7x5_cluster3_dot_font_random_88.png,7,5,760,40,280,920,840.0,160.0
dot_font_random_88.png,4,grid_7x5_cluster4_dot_font_random_88.png,7,5,1000,40,280,1160,1080.0,160.0
dot_font_random_88.png,5,grid_7x5_cluster5_dot_font_random_88.png,7,5,1240,40,280,1400,1320.0,160.0
dot_font_random_89.png,0,grid_7x5_cluster0_dot_font_random_89.png,7,5,40,40,280,200,120.0,160.0
dot_font_random_89.png,1,grid_7x5_cluster1_dot_font_random_89.png,7,5,280,40,280,440,360.0,160.0
dot_font_random_89.png,2,grid_7x5_cluster2_dot_font_random_89.png,7,5,520,40,280,680,600.0,160.0
dot_font_random_89.png,3,grid_7x5_cluster3_dot_font_random_89.png,7,5,760,40,280,920,840.0,160.0
dot_font_random_89.png,4,grid_7x5_cluster4_dot_font_random_89.png,7,5,1000,40,280,1160,1080.0,160.0
dot_font_random_89.png,5,grid_7x5_cluster5_dot_font_random_89.png,7,5,1240,40,280,1400,1320.0,160.0
dot_font_random_9.png,0,grid_7x5_cluster0_dot_font_random_9.png,7,5,40,40,280,200,120.0,160.0
dot_font_random_9.png,1,grid_7x5_cluster1_dot_font_random_9.png,7,5,280,40,280,440,360.0,160.0
dot_font_random_9.png,2,grid_7x5_cluster2_dot_font_random_9.png,7,5,520,40,280,680,600.0,160.0
dot_font_random_9.png,3,grid_7x5_cluster3_dot_font_random_9.png,7,5,760,40,280,920,840.0,160.0
dot_font_random_9.png,4,grid_7x5_cluster4_dot_font_random_9.png,7,5,1040,40,280,1120,1080.0,160.0
dot_font_random_9.png,5,grid_7x5_cluster5_dot_font_random_9.png,7,5,1240,40,280,1400,1320.0,160.0
dot_font_random_90.png,0,grid_7x5_cluster0_dot_font_random_90.png,7,5,40,40,280,200,120.0,160.0
dot_font_random_90.png,1,grid_7x5_cluster1_dot_font_random_90.png,7,5,280,40,280,440,360.0,160.0
dot_font_random_90.png,2,grid_7x5_cluster2_dot_font_random_90.png,7,5,520,40,280,680,600.0,160.0
dot_font_random_90.png,3,grid_7x5_cluster3_dot_font_random_90.png,7,5,760,40,280,920,840.0,160.0
dot_font_random_90.png,4,grid_7x5_cluster4_dot_font_random_90.png,7,5,1000,40,280,1160,1080.0,160.0
dot_font_random_90.png,5,grid_7x5_cluster5_dot_font_random_90.png,7,5,1240,40,280,1400,1320.0,160.0
dot_font_random_91.png,0,grid_7x5_cluster0_dot_font_random_91.png,7,5,40,40,280,200,120.0,160.0
dot_font_random_91.png,1,grid_7x5_cluster1_dot_font_random_91.png,7,5,280,40,280,440,360.0,160.0
dot_font_random_91.png,2,grid_7x5_cluster2_dot_font_random_91.png,7,5,520,40,280,680,600.0,160.0
dot_font_random_91.png,3,grid_7x5_cluster3_dot_font_random_91.png,7,5,760,40,280,920,840.0,160.0
dot_font_random_91.png,4,grid_7x5_cluster4_dot_font_random_91.png,7,5,1040,40,280,1120,1080.0,160.0
dot_font_random_91.png,5,grid_7x5_cluster5_dot_font_random_91.png,7,5,1240,40,280,1400,1320.0,160.0
dot_font_random_92.png,0,grid_7x5_cluster0_dot_font_random_92.png,7,5,40,40,280,200,120.0,160.0
dot_font_random_92.png,1,grid_7x5_cluster1_dot_font_random_92.png,7,5,280,40,280,440,360.0,160.0
dot_font_random_92.png,2,grid_7x5_cluster2_dot_font_random_92.png,7,5,520,40,280,680,600.0,160.0
dot_font_random_92.png,3,grid_7x5_cluster3_dot_font_random_92.png,7,5,760,40,280,920,840.0,160.0
dot_font_random_92.png,4,grid_7x5_cluster4_dot_font_random_92.png,7,5,1000,40,280,1160,1080.0,160.0
dot_font_random_92.png,5,grid_7x5_cluster5_dot_font_random_92.png,7,5,1240,40,280,1400,1320.0,160.0
dot_font_random_93.png,0,grid_7x5_cluster0_dot_font_random_93.png,7,5,40,40,280,200,120.0,160.0
dot_font_random_93.png,1,grid_7x5_cluster1_dot_font_random_93.png,7,5,280,40,280,440,360.0,160.0
dot_font_random_93.png,2,grid_7x5_cluster2_dot_font_random_93.png,7,5,520,40,280,680,600.0,160.0
dot_font_random_93.png,3,grid_7x5_cluster3_dot_font_random_93.png,7,5,760,40,280,920,840.0,160.0
dot_font_random_93.png,4,grid_7x5_cluster4_dot_font_random_93.png,7,5,1000,40,280,1160,1080.0,160.0
dot_font_random_93.png,5,grid_7x5_cluster5_dot_font_random_93.png,7,5,1240,40,280,1400,1320.0,160.0
dot_font_random_94.png,0,grid_7x5_cluster0_dot_font_random_94.png,7,5,40,40,280,200,120.0,160.0
dot_font_random_94.png,1,grid_7x5_cluster1_dot_font_random_94.png,7,5,280,40,280,440,360.0,160.0
dot_font_random_94.png,2,grid_7x5_cluster2_dot_font_random_94.png,7,5,520,40,280,680,600.0,160.0
dot_font_random_94.png,3,grid_7x5_cluster3_dot_font_random_94.png,7,5,760,40,280,920,840.0,160.0
dot_font_random_94.png,4,grid_7x5_cluster4_dot_font_random_94.png,7,5,1000,40,280,1160,1080.0,160.0
dot_font_random_94.png,5,grid_7x5_cluster5_dot_font_random_94.png,7,5,1240,40,280,1400,1320.0,160.0
dot_font_random_95.png,0,grid_7x5_cluster0_dot_font_random_95.png,7,5,40,40,280,200,120.0,160.0
dot_font_random_95.png,1,grid_7x5_cluster1_dot_font_random_95.png,7,5,280,40,280,440,360.0,160.0
dot_font_random_95.png,2,grid_7x5_cluster2_dot_font_random_95.png,7,5,520,40,280,680,600.0,160.0
dot_font_random_95.png,3,grid_7x5_cluster3_dot_font_random_95.png,7,5,760,40,280,920,840.0,160.0
dot_font_random_95.png,4,grid_7x5_cluster4_dot_font_random_95.png,7,5,1000,40,280,1160,1080.0,160.0
dot_font_random_95.png,5,grid_7x5_cluster5_dot_font_random_95.png,7,5,1240,40,280,1400,1320.0,160.0
dot_font_random_96.png,0,grid_7x5_cluster0_dot_font_random_96.png,7,5,40,40,280,200,120.0,160.0
dot_font_random_96.png,1,grid_7x5_cluster1_dot_font_random_96.png,7,5,280,40,280,440,360.0,160.0
dot_font_random_96.png,2,grid_7x5_cluster2_dot_font_random_96.png,7,5,520,40,280,680,600.0,160.0
dot_font_random_96.png,3,grid_7x5_cluster3_dot_font_random_96.png,7,5,760,40,280,920,840.0,160.0
dot_font_random_96.png,4,grid_7x5_cluster4_dot_font_random_96.png,7,5,1040,40,280,1120,1080.0,160.0
dot_font_random_96.png,5,grid_7x5_cluster5_dot_font_random_96.png,7,5,1240,40,280,1400,1320.0,160.0
dot_font_random_97.png,0,grid_7x5_cluster0_dot_font_random_97.png,7,5,40,40,280,200,120.0,160.0
dot_font_random_97.png,1,grid_7x5_cluster1_dot_font_random_97.png,7,5,280,40,280,440,360.0,160.0
dot_font_random_97.png,2,grid_7x5_cluster2_dot_font_random_97.png,7,5,520,40,280,680,600.0,160.0
dot_font_random_97.png,3,grid_7x5_cluster3_dot_font_random_97.png,7,5,760,40,280,920,840.0,160.0
dot_font_random_97.png,4,grid_7x5_cluster4_dot_font_random_97.png,7,5,1040,40,280,1120,1080.0,160.0
dot_font_random_97.png,5,grid_7x5_cluster5_dot_font_random_97.png,7,5,1240,40,280,1400,1320.0,160.0
dot_font_random_98.png,0,grid_7x5_cluster0_dot_font_random_98.png,7,5,40,40,280,200,120.0,160.0
dot_font_random_98.png,1,grid_7x5_cluster1_dot_font_random_98.png,7,5,280,40,280,440,360.0,160.0
dot_font_random_98.png,2,grid_7x5_cluster2_dot_font_random_98.png,7,5,520,40,280,680,600.0,160.0
dot_font_random_98.png,3,grid_7x5_cluster3_dot_font_random_98.png,7,5,760,40,280,920,840.0,160.0
dot_font_random_98.png,4,grid_7x5_cluster4_dot_font_random_98.png,7,5,1000,40,280,1160,1080.0,160.0
dot_font_random_98.png,5,grid_7x5_cluster5_dot_font_random_98.png,7,5,1240,40,280,1400,1320.0,160.0
dot_font_random_99.png,0,grid_7x5_cluster0_dot_font_random_99.png,7,5,40,40,280,200,120.0,160.0
dot_font_random_99.png,1,grid_7x5_cluster1_dot_font_random_99.png,7,5,280,40,280,440,360.0,160.0
dot_font_random_99.png,2,grid_7x5_cluster2_dot_font_random_99.png,7,5,520,40,280,680,600.0,160.0
dot_font_random_99.png,3,grid_7x5_cluster3_dot_font_random_99.png,7,5,760,40,280,920,840.0,160.0
dot_font_random_99.png,4,grid_7x5_cluster4_dot_font_random_99.png,7,5,1000,40,280,1160,1080.0,160.0
dot_font_random_99.png,5,grid_7x5_cluster5_dot_font_random_99.png,7,5,1240,40,280,1400,1320.0,160.0
